Level,Enemy,Offset,Byte,Binary Conversion,DABCIJK Extraction,Sprite Number
Mushroom House,Goomba #1,0xE077,21 3B 3E,001000010011101100111110,0001001,09
,Koopa Troopa #1,0xE07A,02 29 38,000000100010100100111000,0000001,01
,Mushroom Block #1,0xE07D,42 35 37,010000100011010100110111,0010001,11
,Goomba #2,0xE080,24 27 3A,001001000010011100111010,0001001,09
,Koopa Troopa #2,0xE083,05 2B 32,000001010010101100110010,0000001,01
,Diagonal Paragoomba #1,0xE086,26 13 B6,001001100001001110110110,0001000,08
,Piranha Plant #1,0xE089,28 86 BE,001010001000011010111110,0001100,0C
,Fire Piranha Plant #1,0xE08C,28 B6 3E,001010001011011000111110,0001101,0D
,Heart Block #1,0xE08F,49 AF 37,010010011010111100110111,0010101,15
,Star Block #1,0xE092,49 91 37,010010011001000100110111,0010100,14
,Goomba #3,0xE095,2A 25 3E,001010100010010100111110,0001001,09
,Goomba #4,0xE098,2A 31 3E,001010100011000100111110,0001001,09
,Midway Bell,0xE09B,4A FD 34,010010101111110100110100,0010111,17
,Goomba #5,0xE09E,2B 21 3E,001010110010000100111110,0001001,09
,Koopa Troopa #3,0xE0A1,0B 2D 38,000010110010110100111000,0000001,01
,Koopa Troopa #4,0xE0A4,0B 34 38,000010110011010000111000,0000001,01
,Flower Block #1,0xE0A7,4B 59 37,010010110101100100110111,0010010,12
,Heart #1,0xE0AA,2C EF 3E,001011001110111100111110,0001111,0F
,Goomba #6,0xE0AD,2D 23 3E,001011010010001100111110,0001001,09
,Piranha Plant #2,0xE0B0,2D 90 3E,001011011001000000111110,0001100,0C
,Goomba #7,0xE0B3,2E 2B 36,001011100010101100110110,0001001,09
,Koopa Troopa #5,0xE0B6,0E 34 B6,000011100011010010110110,0000001,01
,Bonus Bell,0xE0B9,4F D5 2D,010011111101010100101101,0010110,16
,End,0xE0BC,FF,,,
Tree Zone 1,Star Block #1,0xE0BD,41 91 35,010000011001000100110101,0010100,14
,Ragumo #1,0xE0C0,82 05 3E,100000100000010100111110,0100000,20
,Heart #1,0xE0C3,22 F3 1E,001000101111001100011110,0001111,0F
,Ragumo #2,0xE0C6,82 17 3E,100000100001011100111110,0100000,20
,Bopping Toady #1,0xE0C9,63 E1 BE,011000111110000110111110,0011111,1F
,Bopping Toady #2,0xE0CC,63 F4 B8,011000111111010010111000,0011111,1F
,Bopping Toady #3,0xE0CF,64 E9 38,011001001110100100111000,0011111,1F
,Heart #2,0xE0D2,24 ED 1E,001001001110110100011110,0001111,0F
,Bopping Toady #4,0xE0D5,64 FF 3E,011001001111111100111110,0011111,1F
,Spikey #1,0xE0D8,85 23 B8,100001010010001110111000,0100001,21
,Kyotonbo #1,0xE0DB,85 55 B6,100001010101010110110110,0100010,22
,Bopping Toady #5,0xE0DE,66 EB B8,011001101110101110111000,0011111,1F
,Bopping Toady #6,0xE0E1,66 F7 3E,011001101111011100111110,0011111,1F
,Mushroom Block #1,0xE0E4,47 2F 37,010001110010111100110111,0010001,11
,Spikey #2,0xE0E7,87 3C B8,100001110011110010111000,0100001,21
,Heart Block #1,0xE0EA,47 BD 25,010001111011110100100101,0010101,15
,Midway Bell,0xE0ED,48 ED 36,010010001110110100110110,0010111,17
,Bopping Toady #7,0xE0F0,68 FD 38,011010001111110100111000,0011111,1F
,Ragumo #3,0xE0F3,89 0A 3E,100010010000101000111110,0100000,20
,Kyotonbo #2,0xE0F6,89 4F AA,100010010100111110101010,0100010,22
,Mushroom Block #2,0xE0F9,49 31 37,010010010011000100110111,0010001,11
,Kyotonbo #3,0xE0FC,8A 43 AA,100010100100001110101010,0100010,22
,Spikey #3,0xE0FF,8A 33 B8,100010100011001110111000,0100001,21
,Star Block #2,0xE102,4A 99 35,010010101001100100110101,0010100,14
,Bopping Toady #8,0xE105,6B E7 38,011010111110011100111000,0011111,1F
,Bopping Toady #9,0xE108,6B FB 38,011010111111101100111000,0011111,1F
,Bopping Toady #10,0xE10B,6B FF 38,011010111111111100111000,0011111,1F
,Bopping Toady #11,0xE10E,6C EF 38,011011001110111100111000,0011111,1F
,Ragumo #4,0xE111,8D 03 3E,100011010000001100111110,0100000,20
,Bopping Toady #12,0xE114,6D F7 38,011011011111011100111000,0011111,1F
,Bopping Toady #13,0xE117,6E EF BE,011011101110111110111110,0011111,1F
,Kyotonbo #4,0xE11A,8E 5F B8,100011100101111110111000,0100010,22
,Bonus Bell,0xE11D,4F D3 2D,010011111101001100101101,0010110,16
,Heart Block #2,0xE120,4F B9 2F,010011111011100100101111,0010101,15
,End,0xE123,FF,,,
Tree Zone 2,Mogyo #1,0xE124,72 09 1E,011100100000100100011110,1011000,58
,Mushroom Block #1,0xE127,42 37 13,010000100011011100010011,0010001,11
,Mogyo #2,0xE12A,72 1B 1E,011100100001101100011110,1011000,58
,Mushroom Block #2,0xE12D,43 27 37,010000110010011100110111,0010001,11
,Mogyo #3,0xE130,73 0F BC,011100110000111110111100,1011000,58
,Heart Block #1,0xE133,43 BB 11,010000111011101100010001,0010101,15
,Mogyo #4,0xE136,74 03 3E,011101000000001100111110,1011000,58
,Mogyo #5,0xE139,74 11 BC,011101000001000110111100,1011000,58
,Noko Bombette #1,0xE13C,15 81 9E,000101011000000110011110,1000100,44
,Mogyo #6,0xE13F,75 07 3C,011101010000011100111100,1011000,58
,Falling Platform,0xE142,A6 D6 16,101001101101011000010110,0101110,2E
,Midway Bell,0xE145,47 E3 0E,010001111110001100001110,0010111,17
,Mogyo #7,0xE148,77 0F 1E,011101110000111100011110,1011000,58
,Mogyo #8,0xE14B,77 11 28,011101110001000100101000,1011000,58
,Money Bag Block #1,0xE14E,67 33 33,011001110011001100110011,0011001,19
,Mogyo #9,0xE151,77 13 20,011101110001001100100000,1011000,58
,Mushroom Block #3,0xE154,48 25 0D,010010000010010100001101,0010001,11
,Noko Bombette #2,0xE157,18 8B 18,000110001000101100011000,1000100,44
,Carrot Block #1,0xE15A,48 71 55,010010000111000101010101,0010011,13
,Noko Bombette #3,0xE15D,19 83 5E,000110011000001101011110,1000100,44
,Noko Bombette #4,0xE160,19 97 5E,000110011001011101011110,1000100,44
,Noko Bombette #5,0xE163,1A 8B 5E,000110101000101101011110,1000100,44
,Noko Bombette #6,0xE166,1A 9F 5E,000110101001111101011110,1000100,44
,Money Bag Block #2,0xE169,6B 25 13,011010110010010100010011,0011001,19
,Mushroom Block #4,0xE16C,4B 2D 05,010010110010110100000101,0010001,11
,Heart #1,0xE16F,2B F3 58,001010111111001101011000,0001111,0F
,Noko Bombette #7,0xE172,1D 83 DC,000111011000001111011100,1000100,44
,Noko Bombette #8,0xE175,1D 85 10,000111011000010100010000,1000100,44
,Noko Bombette #9,0xE178,1D 8D DC,000111011000110111011100,1000100,44
,Heart #2,0xE17B,2D FB 28,001011011111101100101000,0001111,0F
,Bonus Bell,0xE17E,4E D5 2F,010011101101010100101111,0010110,16
,End,0xE181,FF,,,
Tree Zone 3,Unera #1,0xE182,11 2B BA,000100010010101110111010,1000001,41
,Bibi #1,0xE185,C1 B4 18,110000011011010000011000,0110101,35
,Flower Block #1,0xE188,41 59 35,010000010101100100110101,0010010,12
,Skeleton Bee #1,0xE18B,E2 D0 98,111000101101000010011000,0111110,3E
,Buichi #1,0xE18E,13 12 12,000100110001001000010010,1000000,40
,Unera #2,0xE191,13 3C 1E,000100110011110000011110,1000001,41
,Buichi #2,0xE194,14 04 12,000101000000010000010010,1000000,40
,Unera #3,0xE197,14 2C 1E,000101000010110000011110,1000001,41
,Buichi #3,0xE19A,14 16 12,000101000001011000010010,1000000,40
,Unera #4,0xE19D,14 3C 1E,000101000011110000011110,1000001,41
,Buichi #4,0xE1A0,15 08 92,000101010000100010010010,1000000,40
,Bibi #2,0xE1A3,C6 AC 18,110001101010110000011000,0110101,35
,Grubby #1,0xE1A6,16 4D AC,000101100100110110101100,1000010,42
,Mushroom Block #1,0xE1A9,46 33 31,010001100011001100110001,0010001,11
,Grubby #2,0xE1AC,16 57 9C,000101100101011110011100,1000010,42
,Grubby #3,0xE1AF,16 59 B2,000101100101100110110010,1000010,42
,Grubby #4,0xE1B2,16 5F B8,000101100101111110111000,1000010,42
,Skeleton Bee #2,0xE1B5,E7 C2 18,111001111100001000011000,0111110,3E
,Bibi #3,0xE1B8,C7 BC 98,110001111011110010011000,0110101,35
,Unera #5,0xE1BB,18 21 2C,000110000010000100101100,1000001,41
,Grubby #5,0xE1BE,18 45 1C,000110000100010100011100,1000010,42
,Unera #6,0xE1C1,18 25 32,000110000010010100110010,1000001,41
,Bibi #4,0xE1C4,C8 AE 18,110010001010111000011000,0110101,35
,Star Block #1,0xE1C7,48 91 2B,010010001001000100101011,0010100,14
,Unera #7,0xE1CA,18 33 38,000110000011001100111000,1000001,41
,Star Block #2,0xE1CD,49 91 13,010010011001000100010011,0010100,14
,Grubby #6,0xE1D0,19 55 14,000110010101010100010100,1000010,42
,Tamara #1,0xE1D3,19 77 1B,000110010111011100011011,1000011,43
,Midway Bell,0xE1D6,4A E0 12,010010101110000000010010,0010111,17
,Tamara #2,0xE1D9,1A 65 1B,000110100110010100011011,1000011,43
,Grubby #7,0xE1DC,1A 4B 14,000110100100101100010100,1000010,42
,Tamara #3,0xE1DF,1A 71 1B,000110100111000100011011,1000011,43
,Mushroom Block #2,0xE1E2,4A 37 13,010010100011011100010011,0010001,11
,Bibi #5,0xE1E5,CC A2 38,110011001010001000111000,0110101,35
,Skeleton Bee #3,0xE1E8,EC DC 38,111011001101110000111000,0111110,3E
,Bonus Bell,0xE1EB,4D D5 31,010011011101010100110001,0010110,16
,End,0xE1EE,FF,,,
Tree Zone 4,Big Vertical Moving Platform #1,0xE1EF,A0 33 2A,101000000011001100101010,0101001,29
,Carrot Block #1,0xE1F2,40 79 19,010000000111100100011001,0010011,13
,Ant #1,0xE1F5,70 BC 32,011100001011110000110010,1011101,5D
,Ant #2,0xE1F8,71 A0 56,011100011010000001010110,1011101,5D
,Battle Beetle #1,0xE1FB,C1 6A 58,110000010110101001011000,0110011,33
,Big Diagonal Moving Platform #1,0xE1FE,A1 AB 36,101000011010101100110110,0101101,2D
,Fire Piranha Plant #1,0xE201,21 B2 94,001000011011001010010100,0001101,0D
,Downward Piranha Plant #1,0xE204,01 F2 15,000000011111001000010101,0000111,07
,Mushroom Block #1,0xE207,41 35 4F,010000010011010101001111,0010001,11
,Heart Block #1,0xE20A,41 B5 47,010000011011010101000111,0010101,15
,Be #1,0xE20D,C1 9E 3A,110000011001111000111010,0110100,34
,Piranha Plant #1,0xE210,22 84 D8,001000101000010011011000,0001100,0C
,Be #2,0xE213,C2 8E 3A,110000101000111000111010,0110100,34
,Fire Piranha Plant #2,0xE216,22 B4 D8,001000101011010011011000,0001101,0D
,Falling Platform #1,0xE219,A2 D8 1B,101000101101100000011011,0101110,2E
,Heart Block #2,0xE21C,42 B9 13,010000101011100100010011,0010101,15
,Falling Platform #2,0xE21F,A3 C0 19,101000111100000000011001,0101110,2E
,Falling Platform #3,0xE222,A3 C0 3F,101000111100000000111111,0101110,2E
,Downward Piranha Plant #2,0xE225,03 E4 4F,000000111110010001001111,0000111,07
,Falling Platform #4,0xE228,A3 C8 3F,101000111100100000111111,0101110,2E
,Ant #3,0xE22B,73 B4 1E,011100111011010000011110,1011101,5D
,Heart Block #3,0xE22E,43 BB 31,010000111011101100110001,0010101,15
,Heart Block #4,0xE231,43 BD 25,010000111011110100100101,0010101,15
,Fire Piranha Plant #3,0xE234,24 A4 D6,001001001010010011010110,0001101,0D
,Small Horizontal Moving Platform #1,0xE237,A4 48 13,101001000100100000010011,0101010,2A
,Ant #4,0xE23A,74 AC 54,011101001010110001010100,1011101,5D
,Small Vertical Moving Platform #1,0xE23D,A4 0E 42,101001000000111001000010,0101000,28
,Bonus Bell,0xE240,44 D5 11,010001001101010100010001,0010110,16
,Money Bag Block #1,0xE243,64 3B 2F,011001000011101100101111,0011001,19
,Heart Block #5,0xE246,44 BB 51,010001001011101101010001,0010101,15
,End,0xE249,FF,,,
Tree Zone 5,Mushroom Block #1,0xE24A,41 2F 51,010000010010111101010001,0010001,11
,Small Rotating Platform #1,0xE24D,C1 0F 53,110000010000111101010011,0110000,30
,Vertical Paragoomba #1,0xE250,E2 42 DA,111000100100001011011010,0111010,3A
,Vertical Paragoomba #2,0xE253,E2 50 DA,111000100101000011011010,0111010,3A
,Heart Block #1,0xE256,42 B1 4D,010000101011000101001101,0010101,15
,Vertical Paragoomba #3,0xE259,E2 5A DA,111000100101101011011010,0111010,3A
,Vertical Paragoomba #4,0xE25C,E3 46 D6,111000110100011011010110,0111010,3A
,Vertical Owl Platform #1,0xE25F,C3 F7 5C,110000111111011101011100,0110111,37
,Horizontal Owl Platform #1,0xE262,E4 AB 53,111001001010101101010011,0111101,3D
,Horizontal Owl Platform #2,0xE265,E5 A1 55,111001011010000101010101,0111101,3D
,Horizontal Cloud Platform #1,0xE268,E5 12 54,111001010001001001010100,0111000,38
,Horizontal Cloud Platform #2,0xE26B,E5 1A 5A,111001010001101001011010,0111000,38
,Horizontal Cloud Platform #3,0xE26E,E6 02 54,111001100000001001010100,0111000,38
,Midway Bell,0xE271,46 F2 54,010001101111001001010100,0010111,17
,Heart Block #2,0xE274,46 B7 55,010001101011011101010101,0010101,15
,Dondon #1,0xE277,E6 3E 4E,111001100011111001001110,0111001,39
,Carrot Block #1,0xE27A,47 69 53,010001110110100101010011,0010011,13
,Small Rotating Platform #2,0xE27D,C7 09 55,110001110000100101010101,0110000,30
,Heart Block #3,0xE280,47 B7 4D,010001111011011101001101,0010101,15
,Small Rotating Platform #3,0xE283,C7 17 57,110001110001011101010111,0110000,30
,Mushroom Block #2,0xE286,48 35 4D,010010000011010101001101,0010001,11
,Star Block #1,0xE289,49 85 47,010010011000010101000111,0010100,14
,Vertical Paragoomba #5,0xE28C,E9 47 4E,111010010100011101001110,0111010,3A
,Vertical Paragoomba #6,0xE28F,E9 5B 54,111010010101101101010100,0111010,3A
,Vertical Paragoomba #7,0xE292,E9 5F 50,111010010101111101010000,0111010,3A
,Horizontal Cloud Platform #4,0xE295,EA 14 56,111010100001010001010110,0111000,38
,Vertical Paragoomba #8,0xE298,EA 5F 52,111010100101111101010010,0111010,3A
,Horizontal Cloud Platform #5,0xE29B,EB 08 56,111010110000100001010110,0111000,38
,Vertical Paragoomba #9,0xE29E,EB 50 59,111010110101000001011001,0111010,3A
,End,0xE2A1,FF,,,
Pumpkin Zone 1,Falling Spike on Chain #1,0xE2A2,31 E9 AE,001100011110100110101110,1001111,4F
,Mushroom Block #1,0xE2A5,41 2F 17,010000010010111100010111,0010001,11
,Masked Ghoul #1,0xE2A8,51 73 1E,010100010111001100011110,1010011,53
,Falling Spike on Chain #2,0xE2AB,31 FB 36,001100011111101100110110,1001111,4F
,Falling Spike on Chain #3,0xE2AE,32 F1 36,001100101111000100110110,1001111,4F
,Falling Spike on Chain #4,0xE2B1,32 F7 36,001100101111011100110110,1001111,4F
,Falling Spike on Chain #5,0xE2B4,32 FD 36,001100101111110100110110,1001111,4F
,Masked Ghoul #2,0xE2B7,53 61 BE,010100110110000110111110,1010011,53
,Masked Ghoul #3,0xE2BA,53 75 3E,010100110111010100111110,1010011,53
,Masked Ghoul #4,0xE2BD,54 65 3E,010101000110010100111110,1010011,53
,Carrot Block #1,0xE2C0,44 71 35,010001000111000100110101,0010011,13
,Masked Ghoul #5,0xE2C3,54 75 3E,010101000111010100111110,1010011,53
,Falling Spike #1,0xE2C6,35 DB 34,001101011101101100110100,1001110,4E
,Boo #1,0xE2C9,36 A1 1C,001101101010000100011100,1001101,4D
,Masked Ghoul #6,0xE2CC,56 62 3E,010101100110001000111110,1010011,53
,Heart Block #1,0xE2CF,46 A5 07,010001101010010100000111,0010101,15
,Boo #2,0xE2D2,36 A9 9C,001101101010100110011100,1001101,4D
,Fire Piranha Plant #1,0xE2D5,26 B0 C2,001001101011000011000010,0001101,0D
,Midway Bell,0xE2D8,46 F8 36,010001101111100000110110,0010111,17
,Falling Spike #2,0xE2DB,37 C1 34,001101111100000100110100,1001110,4E
,Masked Ghoul #7,0xE2DE,57 69 BE,010101110110100110111110,1010011,53
,Falling Spike #3,0xE2E1,37 DB 34,001101111101101100110100,1001110,4E
,Masked Ghoul #8,0xE2E4,57 7F BE,010101110111111110111110,1010011,53
,Piranha Plant #1,0xE2E7,28 90 3C,001010001001000000111100,0001100,0C
,Masked Ghoul #9,0xE2EA,58 71 B8,010110000111000110111000,1010011,53
,Fire Piranha Plant #2,0xE2ED,28 B8 BE,001010001011100010111110,0001101,0D
,Masked Ghoul #10,0xE2F0,59 67 B6,010110010110011110110110,1010011,53
,Falling Spike on Chain #6,0xE2F3,39 EB AA,001110011110101110101010,1001111,4F
,Piranha Plant #2,0xE2F6,29 94 2E,001010011001010000101110,0001100,0C
,Falling Spike on Chain #7,0xE2F9,39 F7 9E,001110011111011110011110,1001111,4F
,Downward Piranha Plant #1,0xE2FC,0A FE AB,000010101111111010101011,0000111,07
,Downward Piranha Plant #2,0xE2FF,0B E6 33,000010111110011000110011,0000111,07
,Kurokyura #1,0xE302,5B 2B 1E,010110110010101100011110,1010001,51
,Bonus Bell,0xE305,4B D5 23,010010111101010100100011,0010110,16
,Heart Block #2,0xE308,4B BB 0B,010010111011101100001011,0010101,15
,End,0xE30B,FF,,,
Pumpkin Zone 2,Karakara #1,0xE30C,51 C7 BE,010100011100011110111110,1010110,56
,Karakara #2,0xE30F,51 CF 3E,010100011100111100111110,1010110,56
,Karakara #3,0xE312,51 D7 BE,010100011101011110111110,1010110,56
,Piranha Plant #1,0xE315,22 94 BE,001000101001010010111110,0001100,0C
,F Boy #1,0xE318,53 A4 AB,010100111010010010101011,1010101,55
,Downward Piranha Plant #1,0xE31B,03 E4 37,000000111110010000110111,0000111,07
,Horizontal Blurp #1,0xE31E,73 CD DC,011100111100110111011100,1011110,5E
,Mushroom Block #1,0xE321,43 31 55,010000110011000101010101,0010001,11
,Kyororo #1,0xE324,54 9D BE,010101001001110110111110,1010100,54
,F Boy #2,0xE327,55 A6 38,010101011010011000111000,1010101,55
,Kyororo #2,0xE32A,55 8D BE,010101011000110110111110,1010100,54
,Kyororo #3,0xE32D,55 9D 3E,010101011001110100111110,1010100,54
,Midway Bell,0xE330,46 E1 30,010001101110000100110000,0010111,17
,Vertical Blurp #1,0xE333,76 F5 DE,011101101111010111011110,1011111,5F
,Horizontal Blurp #2,0xE336,76 DC 59,011101101101110001011001,1011110,5E
,Mushroom #1,0xE339,67 63 3E,011001110110001100111110,0011011,1B
,Boo #1,0xE33C,37 A9 AD,001101111010100110101101,1001101,4D
,Boo #2,0xE33F,37 AD B5,001101111010110110110101,1001101,4D
,Heart #1,0xE342,27 FD 2E,001001111111110100101110,0001111,0F
,Carrot #1,0xE345,68 A7 36,011010001010011100110110,0011101,1D
,Flower #1,0xE348,68 8D 2E,011010001000110100101110,0011100,1C
,Heart #2,0xE34B,28 F3 34,001010001111001100110100,0001111,0F
,Star Block #1,0xE34E,49 81 2D,010010011000000100101101,0010100,14
,Kyororo #4,0xE351,59 93 5E,010110011001001101011110,1010100,54
,Horizontal Blurp #3,0xE354,79 D4 3E,011110011101010000111110,1011110,5E
,Kyororo #5,0xE357,59 95 30,010110011001010100110000,1010100,54
,Kyororo #6,0xE35A,5A 85 2E,010110101000010100101110,1010100,54
,Horizontal Blurp #4,0xE35D,7A C7 3C,011110101100011100111100,1011110,5E
,Kyororo #7,0xE360,5A 96 2E,010110101001011000101110,1010100,54
,Horizontal Blurp #5,0xE363,7B C0 DA,011110111100000011011010,1011110,5E
,Falling Spike #1,0xE366,3B C5 58,001110111100010101011000,1001110,4E
,Horizontal Blurp #6,0xE369,7B C7 3E,011110111100011100111110,1011110,5E
,Kyororo #8,0xE36C,5B 8A 30,010110111000101000110000,1010100,54
,Falling Spike #2,0xE36F,3B CF 58,001110111100111101011000,1001110,4E
,Horizontal Blurp #7,0xE372,7B D3 DC,011110111101001111011100,1011110,5E
,Karakara #4,0xE375,5C C9 3E,010111001100100100111110,1010110,56
,Karakara #5,0xE378,5C D1 3E,010111001101000100111110,1010110,56
,Karakara #6,0xE37B,5C D9 3E,010111001101100100111110,1010110,56
,Karakara #7,0xE37E,5D D3 3E,010111011101001100111110,1010110,56
,Bonus Bell,0xE381,4D D5 2B,010011011101010100101011,0010110,16
,End,0xE384,FF,,,
Pumpkin Zone 3,Terekuribo #1,0xE385,51 F5 BA,010100011111010110111010,1010111,57
,Terekuribo #2,0xE388,52 F5 B4,010100101111010110110100,1010111,57
,Carrot Block #1,0xE38B,43 69 27,010000110110100100100111,0010011,13
,Boo #1,0xE38E,33 B3 37,001100111011001100110111,1001101,4D
,Boo #2,0xE391,34 A1 35,001101001010000100110101,1001101,4D
,Boo #3,0xE394,34 B3 AE,001101001011001110101110,1001101,4D
,Small Horizontal Moving Platform #1,0xE397,A6 40 48,101001100100000001001000,0101010,2A
,Small Horizontal Moving Platform #2,0xE39A,A6 40 4E,101001100100000001001110,0101010,2A
,Flower Block #1,0xE39D,46 51 53,010001100101000101010011,0010010,12
,Terekuribo #3,0xE3A0,57 E1 3A,010101111110000100111010,1010111,57
,Boo #4,0xE3A3,37 B1 52,001101111011000101010010,1001101,4D
,Fire Piranha Plant #1,0xE3A6,28 B0 3C,001010001011000000111100,0001101,0D
,Heart Block #1,0xE3A9,48 B7 45,010010001011011101000101,0010101,15
,Flower Block #2,0xE3AC,48 59 51,010010000101100101010001,0010010,12
,Midway Bell,0xE3AF,49 E5 36,010010011110010100110110,0010111,17
,Boo #5,0xE3B2,39 B3 B6,001110011011001110110110,1001101,4D
,Boo #6,0xE3B5,3A A2 3B,001110101010001000111011,1001101,4D
,Boo #7,0xE3B8,3A B9 AE,001110101011100110101110,1001101,4D
,Carrot Block #2,0xE3BB,4B 67 2D,010010110110011100101101,0010011,13
,Boo #8,0xE3BE,3B B7 B2,001110111011011110110010,1001101,4D
,Boo #9,0xE3C1,3D A3 3C,001111011010001100111100,1001101,4D
,Boo #10,0xE3C4,3D AC 45,001111011010110001000101,1001101,4D
,Terekuribo #4,0xE3C7,5E E3 BC,010111101110001110111100,1010111,57
,Boo #11,0xE3CA,3E A5 D2,001111101010010111010010,1001101,4D
,Terekuribo #5,0xE3CD,5E EE 38,010111101110111000111000,1010111,57
,Bonus Bell,0xE3D0,4E D5 4D,010011101101010101001101,0010110,16
,End,0xE3D3,FF,,,
Pumpkin Zone 4,Pikku #1,0xE3D4,71 93 BE,011100011001001110111110,1011100,5C
,Piranha Plant #1,0xE3D7,21 98 40,001000011001100001000000,0001100,0C
,Boo #1,0xE3DA,32 A9 36,001100101010100100110110,1001101,4D
,Boo #2,0xE3DD,32 B8 B5,001100101011100010110101,1001101,4D
,Boo #3,0xE3E0,33 B7 BA,001100111011011110111010,1001101,4D
,Falling Spike on Chain #1,0xE3E3,33 FD 36,001100111111110100110110,1001111,4F
,Falling Spike on Chain #2,0xE3E6,34 E3 36,001101001110001100110110,1001111,4F
,Falling Spike on Chain #3,0xE3E9,34 E9 36,001101001110100100110110,1001111,4F
,Pikku #2,0xE3EC,74 9C 3E,011101001001110000111110,1011100,5C
,Mushroom Block #1,0xE3EF,45 27 4B,010001010010011101001011,0010001,11
,Boo #4,0xE3F2,35 B1 DA,001101011011000111011010,1001101,4D
,Heart Block #1,0xE3F5,45 BD 4F,010001011011110101001111,0010101,15
,Carrot Block #1,0xE3F8,46 71 2D,010001100111000100101101,0010011,13
,Midway Bell,0xE3FB,47 EF 38,010001111110111100111000,0010111,17
,Falling Spike on Chain #4,0xE3FE,38 E3 36,001110001110001100110110,1001111,4F
,Rerere #1,0xE401,78 4A BE,011110000100101010111110,1011010,5A
,Falling Spike on Chain #5,0xE404,38 F1 B6,001110001111000110110110,1001111,4F
,Falling Spike on Chain #6,0xE407,38 FB B6,001110001111101110110110,1001111,4F
,Rerere #2,0xE40A,79 43 3E,011110010100001100111110,1011010,5A
,Falling Spike on Chain #7,0xE40D,39 E9 B6,001110011110100110110110,1001111,4F
,Masked Ghoul #1,0xE410,5A 73 3E,010110100111001100111110,1010011,53
,Masked Ghoul #2,0xE413,5A 79 BA,010110100111100110111010,1010011,53
,Masked Ghoul #3,0xE416,5A 7F 36,010110100111111100110110,1010011,53
,Masked Ghoul #4,0xE419,5B 65 32,010110110110010100110010,1010011,53
,Masked Ghoul #5,0xE41C,5C 6E D0,010111000110111011010000,1010011,53
,Masked Ghoul #6,0xE41F,5C 79 D0,010111000111100111010000,1010011,53
,Masked Ghoul #7,0xE422,5D 66 D0,010111010110011011010000,1010011,53
,Flower Block #1,0xE425,4D 4D 37,010011010100110100110111,0010010,12
,Masked Ghoul #8,0xE428,5D 72 D0,010111010111001011010000,1010011,53
,Money Bag Block #1,0xE42B,6D 39 37,011011010011100100110111,0011001,19
,Boo #5,0xE42E,3E AD BE,001111101010110110111110,1001101,4D
,End,0xE431,FF,,,
Mario Zone 1,Mushroom Block #1,0xE432,41 25 57,010000010010010101010111,0010001,11
,Horizontal Spinning Platform #1,0xE435,E1 C7 49,111000011100011101001001,0111110,3E
,Horizontal Spinning Platform #2,0xE438,E1 CD 2D,111000011100110100101101,0111110,3E
,Koopa Troopa #1,0xE43B,01 2D DE,000000010010110111011110,0000001,01
,Vertical Spinning Spike #1,0xE43E,51 13 16,010100010001001100010110,1010000,50
,Horizontal Spinning Platform #3,0xE441,E1 D3 2F,111000011101001100101111,0111110,3E
,Horizontal Spinning Platform #4,0xE444,E2 CD 5B,111000101100110101011011,0111110,3E
,Koopa Troopa #2,0xE447,02 39 52,000000100011100101010010,0000001,01
,Vertical Spinning Platform #1,0xE44A,E3 E1 52,111000111110000101010010,0111111,3F
,Vertical Spinning Platform #2,0xE44D,E3 E7 52,111000111110011101010010,0111111,3F
,Koopa Troopa #3,0xE450,03 33 DA,000000110011001111011010,0000001,01
,Koopa Troopa #4,0xE453,03 3F CE,000000110011111111001110,0000001,01
,Vertical Spinning Platform #3,0xE456,E4 F7 54,111001001111011101010100,0111111,3F
,Tatenoko #1,0xE459,34 7A CF,001101000111101011001111,1001011,4B
,Vertical Spinning Platform #4,0xE45C,E4 FD 54,111001001111110101010100,0111111,3F
,Koopa Troopa #5,0xE45F,05 2B D0,000001010010101111010000,0000001,01
,Vertical Spinning Platform #5,0xE462,E5 F3 56,111001011111001101010110,0111111,3F
,Vertical Spinning Platform #6,0xE465,E5 F7 56,111001011111011101010110,0111111,3F
,Carrot Block #1,0xE468,46 65 4B,010001100110010101001011,0010011,13
,Midway Bell,0xE46B,46 F0 4C,010001101111000001001100,0010111,17
,Koopa Troopa #6,0xE46E,07 33 54,000001110011001101010100,0000001,01
,Koopa Troopa #7,0xE471,07 35 D8,000001110011010111011000,0000001,01
,Horizontal Spinning Spike #1,0xE474,18 2C 5E,000110000010110001011110,1000001,41
,Heart Block #1,0xE477,48 AD 51,010010001010110101010001,0010101,15
,Mushroom Block #2,0xE47A,49 23 53,010010010010001101010011,0010001,11
,Neiji #1,0xE47D,19 03 60,000110010000001101100000,1000000,40
,Neiji #2,0xE480,19 0B E0,000110010000101111100000,1000000,40
,Neiji #3,0xE483,19 13 E0,000110010001001111100000,1000000,40
,Heart Block #2,0xE486,49 BB 27,010010011011101100100111,0010101,15
,Vertical Spinning Platform #7,0xE489,E9 FD 3E,111010011111110100111110,0111111,3F
,Tatenoko #2,0xE48C,3A 64 2D,001110100110010000101101,1001011,4B
,Horizontal Spinning Platform #5,0xE48F,EA C7 55,111010101100011101010101,0111110,3E
,Carrot Block #2,0xE492,4A 69 27,010010100110100100100111,0010011,13
,Vertical Spinning Platform #8,0xE495,EA E9 32,111010101110100100110010,0111111,3F
,Bonus Bell,0xE498,4A D3 51,010010101101001101010001,0010110,16
,End,0xE49B,FF,,,
Mario Zone 2,Bomubomu #1,0xE49C,31 A9 3C,001100011010100100111100,1001101,4D
,Bomubomu #2,0xE49F,31 BF B6,001100011011111110110110,1001101,4D
,Vertical Paragoomba #1,0xE4A2,E3 46 B2,111000110100011010110010,0111010,3A
,Vertical Paragoomba #2,0xE4A5,E3 4F B5,111000110100111110110101,0111010,3A
,Vertical Paragoomba #3,0xE4A8,E4 43 B4,111001000100001110110100,0111010,3A
,Vertical Paragoomba #4,0xE4AB,E4 4C B2,111001000100110010110010,0111010,3A
,Vertical Paragoomba #5,0xE4AE,E4 5C 35,111001000101110000110101,0111010,3A
,Mushroom Block #1,0xE4B1,45 23 35,010001010010001100110101,0010001,11
,Heart #1,0xE4B4,25 E8 3C,001001011110100000111100,0001111,0F
,Goomba #1,0xE4B7,25 29 D4,001001010010100111010100,0001001,09
,Flower Block #1,0xE4BA,45 71 4B,010001010111000101001011,0010011,13
,Goomba #2,0xE4BD,25 39 DA,001001010011100111011010,0001001,09
,Money Bag Block #1,0xE4C0,65 3B 33,011001010011101100110011,0011001,19
,Goomba #3,0xE4C3,26 23 5A,001001100010001101011010,0001001,09
,Star Block #1,0xE4C6,46 87 4B,010001101000011101001011,0010100,14
,Bear #1,0xE4C9,17 86 3C,000101111000011000111100,1000100,44
,Midway Bell,0xE4CC,48 E5 32,010010001110010100110010,0010111,17
,Bomubomu #3,0xE4CF,38 B5 BC,001110001011010110111100,1001101,4D
,Bomubomu #4,0xE4D2,38 BF 30,001110001011111100110000,1001101,4D
,Mushroom Block #2,0xE4D5,49 2B 2F,010010010010101100101111,0010001,11
,Bomubomu #5,0xE4D8,39 B3 B4,001110011011001110110100,1001101,4D
,Bomubomu #6,0xE4DB,3A A5 38,001110101010010100111000,1001101,4D
,Mushroom #1,0xE4DE,6B 61 2E,011010110110000100101110,0011011,1B
,Goomba #4,0xE4E1,2B 29 2E,001010110010100100101110,0001001,09
,Flower #1,0xE4E4,6B 91 2E,011010111001000100101110,0011100,1C
,Carrot #1,0xE4E7,6B B9 2E,011010111011100100101110,0011101,1D
,Bomubomu #7,0xE4EA,3C AC 30,001111001010110000110000,1001101,4D
,Bomubomu #8,0xE4ED,3C B8 B4,001111001011100010110100,1001101,4D
,Bear #2,0xE4F0,1D 90 3C,000111011001000000111100,1000100,44
,Bear #3,0xE4F3,1E 8C 3C,000111101000110000111100,1000100,44
,Bonus Bell,0xE4F6,4E D5 31,010011101101010100110001,0010110,16
,End,0xE4F9,FF,,,
Mario Zone 3,Jack-in-the-Box #1,0xE4FA,51 2F B7,010100010010111110110111,1010001,51
,Kiddokatto #1,0xE4FD,31 15 3E,001100010001010100111110,1001000,48
,Bullet Bill #1,0xE500,52 64 BA,010100100110010010111010,1010011,53
,Diagonal Ball on Chain #1,0xE503,12 E9 3E,000100101110100100111110,1000111,47
,Diagonal Ball on Chain #2,0xE506,13 E1 3E,000100111110000100111110,1000111,47
,Mushroom Block #1,0xE509,43 2D 31,010000110010110100110001,0010001,11
,Diagonal Ball on Chain #3,0xE50C,13 F9 3E,000100111111100100111110,1000111,47
,Bullet Bill #2,0xE50F,54 6E B8,010101000110111010111000,1010011,53
,Diagonal Ball on Chain #4,0xE512,14 FB 3E,000101001111101100111110,1000111,47
,Bullet Bill #3,0xE515,55 6E B8,010101010110111010111000,1010011,53
,Carrot Block #1,0xE518,46 69 35,010001100110100100110101,0010011,13
,Kiddokatto #2,0xE51B,36 19 BE,001101100001100110111110,1001000,48
,Bullet Bill #4,0xE51E,57 7A 3C,010101110111101000111100,1010011,53
,Midway Bell,0xE521,47 FB 36,010001111111101100110110,0010111,17
,Jack-in-the-Box #2,0xE524,58 2B 35,010110000010101100110101,1010001,51
,Heart Block #1,0xE527,48 AD 23,010010001010110100100011,0010101,15
,Kiddokatto #3,0xE52A,38 1F BE,001110000001111110111110,1001000,48
,Claw Grabber #1,0xE52D,39 37 3C,001110010011011100111100,1001001,49
,Claw Grabber #2,0xE530,3A 2D 3C,001110100010110100111100,1001001,49
,Bullet Bill #5,0xE533,5B 64 5C,010110110110010001011100,1010011,53
,Koopa Troopa #1,0xE536,0B 25 B4,000010110010010110110100,0000001,01
,Bullet Bill #6,0xE539,5B 68 CC,010110110110100011001100,1010011,53
,Kiddokatto #4,0xE53C,3B 1A 34,001110110001101000110100,1001000,48
,Heart Block #2,0xE53F,4B BB 57,010010111011101101010111,0010101,15
,Bullet Bill #7,0xE542,5B 7C D2,010110110111110011010010,1010011,53
,Claw Grabber #3,0xE545,3C 2B 3C,001111000010101100111100,1001001,49
,Kiddokatto #5,0xE548,3C 15 34,001111000001010100110100,1001000,48
,Mushroom Block #2,0xE54B,4D 2D 35,010011010010110100110101,0010001,11
,Bullet Bill #8,0xE54E,5D 72 BC,010111010111001010111100,1010011,53
,Jack-in-the-Box #3,0xE551,5D 39 35,010111010011100100110101,1010001,51
,Diagonal Ball on Chain #5,0xE554,1E E9 3E,000111101110100100111110,1000111,47
,Bullet Bill #9,0xE557,5E 7A B8,010111100111101010111000,1010011,53
,Claw Grabber #4,0xE55A,3F 23 32,001111110010001100110010,1001001,49
,Bonus Bell,0xE55D,4F D5 31,010011111101010100110001,0010110,16
,End,0xE560,FF,,,
Mario Zone 4,Mushroom Block #1,0xE561,41 29 31,010000010010100100110001,0010001,11
,Spinning Spike #1,0xE564,11 69 B9,000100010110100110111001,1000011,43
,Spinning Spike #2,0xE567,11 7D 39,000100010111110100111001,1000011,43
,Bullet Bill #1,0xE56A,52 6C BA,010100100110110010111010,1010011,53
,Spinning Spike #3,0xE56D,12 7D B5,000100100111110110110101,1000011,43
,Spinning Spike #4,0xE570,13 6F 35,000100110110111100110101,1000011,43
,Bullet Bill #2,0xE573,54 6E BA,010101000110111010111010,1010011,53
,Bullet Bill #3,0xE576,54 78 35,010101000111100000110101,1010011,53
,Bullet Bill #4,0xE579,55 62 3A,010101010110001000111010,1010011,53
,Goomba #1,0xE57C,25 36 34,001001010011011000110100,0001001,09
,Goomba #2,0xE57F,26 22 2E,001001100010001000101110,0001001,09
,Goomba #3,0xE582,26 2E 28,001001100010111000101000,0001001,09
,Goomba #4,0xE585,26 3A 22,001001100011101000100010,0001001,09
,Spinning Spike #5,0xE588,17 69 B9,000101110110100110111001,1000011,43
,Spinning Spike #6,0xE58B,17 6F 35,000101110110111100110101,1000011,43
,Spinning Spike #7,0xE58E,17 75 B9,000101110111010110111001,1000011,43
,Mushroom Block #2,0xE591,47 39 17,010001110011100100010111,0010001,11
,Bomubomu #1,0xE594,38 B1 9A,001110001011000110011010,1001101,4D
,Bullet Bill #5,0xE597,58 7E 18,010110000111111000011000,1010011,53
,Bomubomu #2,0xE59A,39 AB 9E,001110011010101110011110,1001101,4D
,Midway Bell,0xE59D,49 F0 18,010010011111000000011000,0010111,17
,Goomba #5,0xE5A0,29 3A 1E,001010010011101000011110,0001001,09
,Ceiling Moving Saw #1,0xE5A3,3A 51 1A,001110100101000100011010,1001010,4A
,Floor Moving Saw #1,0xE5A6,3A 93 96,001110101001001110010110,1001100,4C
,Mushroom Block #3,0xE5A9,4B 27 17,010010110010011100010111,0010001,11
,Ceiling Moving Saw #2,0xE5AC,3B 59 9A,001110110101100110011010,1001010,4A
,Floor Moving Saw #2,0xE5AF,3B 9B 16,001110111001101100010110,1001100,4C
,Money Bag #1,0xE5B2,6B FD 1E,011010111111110100011110,0011111,1F
,Floor Moving Saw #3,0xE5B5,3D 89 9C,001111011000100110011100,1001100,4C
,Floor Moving Saw #4,0xE5B8,3D 93 1C,001111011001001100011100,1001100,4C
,Spinning Spike #8,0xE5BB,1E 6D 19,000111100110110100011001,1000011,43
,Goomba #6,0xE5BE,2E 35 9E,001011100011010110011110,0001001,09
,End,0xE5C1,FF,,,
Turtle Zone 1,Horizontal Cheep Cheep #1,0xE5C2,E1 A2 D0,111000011010001011010000,0111101,3D
,Horizontal Blurp #1,0xE5C5,01 AC 55,000000011010110001010101,0000101,05
,Mushroom Block #1,0xE5C8,41 2D 43,010000010010110101000011,0010001,11
,Horizontal Blurp #2,0xE5CB,02 A1 52,000000101010000101010010,0000101,05
,Spiny Cheep Cheep #1,0xE5CE,22 6B 5A,001000100110101101011010,0001011,0B
,Vertical Cheep Cheep #1,0xE5D1,02 FA DC,000000101111101011011100,0000111,07
,Goomba #1,0xE5D4,23 23 48,001000110010001101001000,0001001,09
,Goomba #2,0xE5D7,23 31 48,001000110011000101001000,0001001,09
,Star Block #1,0xE5DA,43 91 41,010000111001000101000001,0010100,14
,Vertical Cheep Cheep #2,0xE5DD,03 F2 DC,000000111111001011011100,0000111,07
,Heart Block #1,0xE5E0,43 B3 41,010000111011001101000001,0010101,15
,Shark #1,0xE5E3,03 DB DA,000000111101101111011010,0000110,06
,Diagonal Paragoomba #1,0xE5E6,24 01 44,001001000000000101000100,0001000,08
,Goomba #3,0xE5E9,24 2A 48,001001000010101001001000,0001001,09
,Horizontal Blurp #3,0xE5EC,05 A1 50,000001011010000101010000,0000101,05
,Horizontal Blurp #4,0xE5EF,05 A9 D6,000001011010100111010110,0000101,05
,Horizontal Blurp #5,0xE5F2,05 B0 5A,000001011011000001011010,0000101,05
,Shark #2,0xE5F5,06 CC 55,000001101100110001010101,0000110,06
,Midway Bell,0xE5F8,46 F5 52,010001101111010101010010,0010111,17
,Horizontal Cheep Cheep #2,0xE5FB,E6 B9 50,111001101011100101010000,0111101,3D
,Spiny Cheep Cheep #2,0xE5FE,27 75 51,001001110111010101010001,0001011,0B
,Horizontal Blurp #6,0xE601,07 B9 5A,000001111011100101011010,0000101,05
,Vertical Cheep Cheep #3,0xE604,08 E7 54,000010001110011101010100,0000111,07
,Shark #3,0xE607,08 CF CE,000010001100111111001110,0000110,06
,Spiny Cheep Cheep #3,0xE60A,28 79 D8,001010000111100111011000,0001011,0B
,Mushroom Block #2,0xE60D,48 3F 43,010010000011111101000011,0010001,11
,Vertical Cheep Cheep #4,0xE610,09 EF 58,000010011110111101011000,0000111,07
,Vertical Cheep Cheep #5,0xE613,09 F7 D4,000010011111011111010100,0000111,07
,Vertical Cheep Cheep #6,0xE616,09 FD DA,000010011111110111011010,0000111,07
,Shark #4,0xE619,0A CA D2,000010101100101011010010,0000110,06
,Money Bag Block #1,0xE61C,6A 2B 3F,011010100010101100111111,0011001,19
,Shark #5,0xE61F,0B C5 56,000010111100010101010110,0000110,06
,Horizontal Blurp #7,0xE622,0B B0 DC,000010111011000011011100,0000101,05
,Bonus Bell,0xE625,4B D5 49,010010111101010101001001,0010110,16
,Heart Block #2,0xE628,4B BB 57,010010111011101101010111,0010101,15
,End,0xE62B,FF,,,
Turtle Zone 2,Shark #1,0xE62C,00 D1 CC,000000001101000111001100,0000110,06
,Carrot Block #1,0xE62F,40 75 53,010000000111010101010011,0010011,13
,Bullet Bill #1,0xE632,50 76 DC,010100000111011011011100,1010011,53
,Honebon #1,0xE635,51 AD CC,010100011010110111001100,1010101,55
,Koopa Troopa #1,0xE638,01 33 3E,000000010011001100111110,0000001,01
,Unibo #1,0xE63B,51 DC 5B,010100011101110001011011,1010110,56
,Shark #2,0xE63E,02 C7 4A,000000101100011101001010,0000110,06
,Unibo #2,0xE641,52 D1 5B,010100101101000101011011,1010110,56
,Unibo #3,0xE644,52 D7 56,010100101101011101010110,1010110,56
,Koopa Troopa #2,0xE647,02 39 2E,000000100011100100101110,0000001,01
,Unibo #4,0xE64A,53 C2 41,010100111100001001000001,1010110,56
,Unibo #5,0xE64D,53 C6 CE,010100111100011011001110,1010110,56
,Bullet Bill #2,0xE650,53 6E D8,010100110110111011011000,1010011,53
,Flower Block #1,0xE653,43 55 4B,010000110101010101001011,0010010,12
,Pencil #1,0xE656,84 27 DA,100001000010011111011010,0100001,21
,Koopa Troopa #3,0xE659,04 2A AE,000001000010101010101110,0000001,01
,Pencil #2,0xE65C,84 2B DA,100001000010101111011010,0100001,21
,Unibo #6,0xE65F,54 D5 56,010101001101010101010110,1010110,56
,Unibo #7,0xE662,54 DC CC,010101001101110011001100,1010110,56
,Pencil #3,0xE665,85 21 D8,100001010010000111011000,0100001,21
,Star Block #1,0xE668,45 85 45,010001011000010101000101,0010100,14
,Bullet Bill #3,0xE66B,55 7A D8,010101010111101011011000,1010011,53
,Koopa Troopa #4,0xE66E,05 3E 2A,000001010011111000101010,0000001,01
,Bullet Bill #4,0xE671,56 66 5C,010101100110011001011100,1010011,53
,Koopa Troopa #5,0xE674,06 2A 36,000001100010101000110110,0000001,01
,Koopa Troopa #6,0xE677,06 2E 3A,000001100010111000111010,0000001,01
,Midway Bell,0xE67A,46 EF 24,010001101110111100100100,0010111,17
,Koopa Troopa #7,0xE67D,06 32 4A,000001100011001001001010,0000001,01
,Koopa Troopa #8,0xE680,06 3A 42,000001100011101001000010,0000001,01
,Unibo #8,0xE683,57 C8 AE,010101111100100010101110,1010110,56
,Unibo #9,0xE686,57 D3 DB,010101111101001111011011,1010110,56
,Flower #1,0xE689,68 85 44,011010001000010101000100,0011100,1C
,Heart Block #1,0xE68C,48 A7 43,010010001010011101000011,0010101,15
,Pencil #4,0xE68F,88 2B 38,100010000010101100111000,0100001,21
,Money Bag Block #1,0xE692,68 37 4D,011010000011011101001101,0011001,19
,Pencil #5,0xE695,89 29 D8,100010010010100111011000,0100001,21
,Pencil #6,0xE698,89 33 58,100010010011001101011000,0100001,21
,Rising Platform #1,0xE69B,AA E4 56,101010101110010001010110,0101111,2F
,Rising Platform #2,0xE69E,AA EA 50,101010101110101001010000,0101111,2F
,Bonus Bell,0xE6A1,4A D5 49,010010101101010101001001,0010110,16
,Pencil #7,0xE6A4,8C 25 D8,100011000010010111011000,0100001,21
,Pencil #8,0xE6A7,8C 29 D8,100011000010100111011000,0100001,21
,Unibo #10,0xE6AA,5C D3 58,010111001101001101011000,1010110,56
,Unibo #11,0xE6AD,5C DA DC,010111001101101011011100,1010110,56
,Unibo #12,0xE6B0,5D C1 DA,010111011100000111011010,1010110,56
,Pencil #9,0xE6B3,8D 2F 58,100011010010111101011000,0100001,21
,Honebon #2,0xE6B6,5D B8 DC,010111011011100011011100,1010101,55
,Pencil #10,0xE6B9,8E 21 D8,100011100010000111011000,0100001,21
,Shark #3,0xE6BC,0E CE 5A,000011101100111001011010,0000110,06
,End,0xE6BF,FF,,,
Turtle Zone 3,Aqua Kuribo #1,0xE6C0,81 01 BA,100000010000000110111010,0100000,20
,Aqua Kuribo #2,0xE6C3,81 1F B6,100000010001111110110110,0100000,20
,Carrot Block #1,0xE6C6,42 6F 2F,010000100110111100101111,0010011,13
,Pencil #1,0xE6C9,82 3D AE,100000100011110110101110,0100001,21
,Pencil #2,0xE6CC,83 2D B6,100000110010110110110110,0100001,21
,Pencil #3,0xE6CF,83 35 3A,100000110011010100111010,0100001,21
,Aqua Kuribo #3,0xE6D2,84 05 38,100001000000010100111000,0100000,20
,Vertical Paragoomba #1,0xE6D5,E5 40 B8,111001010100000010111000,0111010,3A
,Midway Bell,0xE6D8,45 EC 32,010001011110110000110010,0010111,17
,Aqua Kuribo #4,0xE6DB,85 1B 34,100001010001101100110100,0100000,20
,Mushroom Block #1,0xE6DE,45 3D 33,010001010011110100110011,0010001,11
,Honebon #1,0xE6E1,56 A1 BE,010101101010000110111110,1010101,55
,Aqua Kuribo #5,0xE6E4,86 07 B4,100001100000011110110100,0100000,20
,Koopa Troopa #1,0xE6E7,06 38 B4,000001100011100010110100,0000001,01
,Aqua Kuribo #6,0xE6EA,87 06 3C,100001110000011000111100,0100000,20
,Koopa Troopa #2,0xE6ED,07 3B BC,000001110011101110111100,0000001,01
,Aqua Kuribo #7,0xE6F0,88 07 BC,100010000000011110111100,0100000,20
,Aqua Kuribo #8,0xE6F3,88 13 3C,100010000001001100111100,0100000,20
,Mushroom Block #2,0xE6F6,49 31 2D,010010010011000100101101,0010001,11
,Honebon #2,0xE6F9,59 BB B6,010110011011101110110110,1010101,55
,Money Bag Block #1,0xE6FC,69 3D 2B,011010010011110100101011,0011001,19
,Diagonal Paragoomba #1,0xE6FF,2B 0D B8,001010110000110110111000,0001000,08
,Koopa Troopa #3,0xE702,0B 33 BE,000010110011001110111110,0000001,01
,End,0xE705,FF,,,
Hippo,Money Bag Block #1,0xE706,60 25 27,011000000010010100100111,0011001,19
,Heart Block #1,0xE709,40 A7 05,010000001010011100000101,0010101,15
,Heart Block #2,0xE70C,40 BF 33,010000001011111100110011,0010101,15
,Heart Block #3,0xE70F,41 A1 33,010000011010000100110011,0010101,15
,Bubble #1,0xE712,61 06 18,011000010000011000011000,0011000,18
,Mushroom Block #1,0xE715,41 3B 29,010000010011101100101001,0010001,11
,Toriuo #1,0xE718,72 6B A8,011100100110101110101000,1011011,5B
,Unibo #1,0xE71B,52 F9 9A,010100101111100110011010,1010111,57
,Toriuo #2,0xE71E,72 7D A8,011100100111110110101000,1011011,5B
,Toriuo #3,0xE721,73 6B 28,011100110110101100101000,1011011,5B
,Unibo #2,0xE724,53 F1 9A,010100111111000110011010,1010111,57
,Heart Block #4,0xE727,43 B1 19,010000111011000100011001,0010101,15
,Toriuo #4,0xE72A,74 63 A8,011101000110001110101000,1011011,5B
,Unibo #3,0xE72D,54 E9 9A,010101001110100110011010,1010111,57
,Toriuo #5,0xE730,74 75 28,011101000111010100101000,1011011,5B
,Horizontal Blurp #1,0xE733,05 A6 AA,000001011010011010101010,0000101,05
,Mushroom Block #2,0xE736,45 2D 2B,010001010010110100101011,0010001,11
,Horizontal Blurp #2,0xE739,05 B3 2C,000001011011001100101100,0000101,05
,Unibo #4,0xE73C,55 F9 8A,010101011111100110001010,1010111,57
,Unibo #5,0xE73F,55 FB 12,010101011111101100010010,1010111,57
,Unibo #6,0xE742,56 E7 96,010101101110011110010110,1010111,57
,Unibo #7,0xE745,56 EB 8C,010101101110101110001100,1010111,57
,Horizontal Blurp #3,0xE748,06 AD AE,000001101010110110101110,0000101,05
,Bubble #2,0xE74B,66 0E 1E,011001100000111000011110,0011000,18
,Dondon #1,0xE74E,E7 2D 8A,111001110010110110001010,0111001,39
,Dondon #2,0xE751,E7 2F 92,111001110010111110010010,0111001,39
,Dondon #3,0xE754,E7 31 1A,111001110011000100011010,0111001,39
,Toriuo #6,0xE757,77 79 A8,011101110111100110101000,1011011,5B
,Toriuo #7,0xE75A,78 65 A8,011110000110010110101000,1011011,5B
,Flower Block #1,0xE75D,48 53 19,010010000101001100011001,0010010,12
,Toriuo #8,0xE760,78 75 A8,011110000111010110101000,1011011,5B
,Toriuo #9,0xE763,78 7F 28,011110000111111100101000,1011011,5B
,Money Bag Block #2,0xE766,69 2B 05,011010010010101100000101,0011001,19
,Horizontal Blurp #4,0xE769,09 AF AC,000010011010111110101100,0000101,05
,Horizontal Blurp #5,0xE76C,09 BB AA,000010011011101110101010,0000101,05
,Dondon #4,0xE76F,EA 29 0E,111010100010100100001110,0111001,39
,Dondon #5,0xE772,EA 2D 18,111010100010110100011000,0111001,39
,Toriuo #10,0xE775,7A 73 28,011110100111001100101000,1011011,5B
,Bonus Bell,0xE778,4B D5 05,010010111101010100000101,0010110,16
,End,0xE77B,FF,,,
Space Zone 1,Bomubomu #1,0xE77C,31 B3 BA,001100011011001110111010,1001101,4D
,Bomubomu #2,0xE77F,32 A3 BA,001100101010001110111010,1001101,4D
,Bomubomu #3,0xE782,33 A5 BA,001100111010010110111010,1001101,4D
,Poro #1,0xE785,73 59 A5,011100110101100110100101,1011010,5A
,Money Bag Block #1,0xE788,64 29 15,011001000010100100010101,0011001,19
,Money Bag Block #2,0xE78B,64 2B 1D,011001000010101100011101,0011001,19
,Heart #1,0xE78E,24 ED 26,001001001110110100100110,0001111,0F
,Mushroom Block #1,0xE791,44 37 2F,010001000011011100101111,0010001,11
,No 48 #1,0xE794,75 01 35,011101010000000100110101,1011000,58
,Heart #2,0xE797,25 E5 10,001001011110010100010000,0001111,0F
,Bomubomu #4,0xE79A,35 B7 BC,001101011011011110111100,1001101,4D
,Poro #2,0xE79D,76 52 34,011101100101001000110100,1011010,5A
,Flower Block #1,0xE7A0,47 45 2B,010001110100010100101011,0010010,12
,Poro #3,0xE7A3,77 46 B4,011101110100011010110100,1011010,5A
,Midway Bell,0xE7A6,47 EF 36,010001111110111100110110,0010111,17
,Poro #4,0xE7A9,77 53 2D,011101110101001100101101,1011010,5A
,Bomubomu #5,0xE7AC,38 A1 3C,001110001010000100111100,1001101,4D
,Money Bag Block #3,0xE7AF,68 27 35,011010000010011100110101,0011001,19
,Bomubomu #6,0xE7B2,38 B1 3C,001110001011000100111100,1001101,4D
,Heart Block #1,0xE7B5,49 A3 0F,010010011010001100001111,0010101,15
,Bomubomu #7,0xE7B8,39 A8 38,001110011010100000111000,1001101,4D
,Poro #5,0xE7BB,79 5F AF,011110010101111110101111,1011010,5A
,Bomubomu #8,0xE7BE,3A BF 34,001110101011111100110100,1001101,4D
,Bomubomu #9,0xE7C1,3B A3 3C,001110111010001100111100,1001101,4D
,Bonus Bell,0xE7C4,4B D5 2B,010010111101010100101011,0010110,16
,End,0xE7C7,FF,,,
Space Zone 2,Vertical Star #1,0xE7C8,72 C5 96,011100101100010110010110,1011110,5E
,Vertical Star #2,0xE7CB,72 D9 90,011100101101100110010000,1011110,5E
,Horizontal Star #1,0xE7CE,72 FB 9E,011100101111101110011110,1011111,5F
,Vertical Star #3,0xE7D1,73 CB 8A,011100111100101110001010,1011110,5E
,Mushroom #1,0xE7D4,64 61 06,011001000110000100000110,0011011,1B
,Horizontal Star #2,0xE7D7,74 E3 9E,011101001110001110011110,1011111,5F
,Vertical Star #4,0xE7DA,74 D7 9A,011101001101011110011010,1011110,5E
,Vertical Star #5,0xE7DD,75 C1 96,011101011100000110010110,1011110,5E
,Vertical Star #6,0xE7E0,75 C9 9A,011101011100100110011010,1011110,5E
,Vertical Star #7,0xE7E3,75 DB 0E,011101011101101100001110,1011110,5E
,Mushroom Block #1,0xE7E6,46 2D 0F,010001100010110100001111,0010001,11
,Vertical Star #8,0xE7E9,76 D3 92,011101101101001110010010,1011110,5E
,Vertical Star #9,0xE7EC,77 CD 96,011101111100110110010110,1011110,5E
,Mushroom Block #2,0xE7EF,47 31 09,010001110011000100001001,0010001,11
,Tosenbo #1,0xE7F2,77 9B 98,011101111001101110011000,1011100,5C
,Vertical Star #10,0xE7F5,78 C3 90,011110001100001110010000,1011110,5E
,Tosenbo #2,0xE7F8,79 83 10,011110011000001100010000,1011100,5C
,Tosenbo #3,0xE7FB,79 99 10,011110011001100100010000,1011100,5C
,Vertical Star #11,0xE7FE,7A CD 90,011110101100110110010000,1011110,5E
,Vertical Star #12,0xE801,7A D9 90,011110101101100110010000,1011110,5E
,Vertical Star #13,0xE804,7B CF 94,011110111100111110010100,1011110,5E
,Horizontal Star #3,0xE807,7B F9 16,011110111111100100010110,1011111,5F
,Vertical Star #14,0xE80A,7C C5 90,011111001100010110010000,1011110,5E
,Mushroom Block #3,0xE80D,4C 3F 0B,010011000011111100001011,0010001,11
,Star Block #1,0xE810,4D 85 11,010011011000010100010001,0010100,14
,Tosenbo #4,0xE813,7D 87 91,011111011000011110010001,1011100,5C
,Midway Bell,0xE816,4D F3 14,010011011111001100010100,0010111,17
,Mushroom #2,0xE819,6D 7F 06,011011010111111100000110,0011011,1B
,Tosenbo #5,0xE81C,7F 81 9A,011111111000000110011010,1011100,5C
,Mushroom Block #4,0xE81F,4F 31 13,010011110011000100010011,0010001,11
,End,0xE822,FF,,,
Macro Zone 1,Kyotonbo #1,0xE823,81 41 16,100000010100000100010110,0100010,22
,Goronto #1,0xE826,81 77 9A,100000010111011110011010,0100011,23
,Big Horizontal Moving Platform #1,0xE829,A2 74 5F,101000100111010001011111,0101011,2B
,Chikunto #1,0xE82C,83 E1 50,100000111110000101010000,0100111,27
,Mushroom Block #1,0xE82F,43 23 55,010000110010001101010101,0010001,11
,Chikunto #2,0xE832,84 F3 DC,100001001111001111011100,0100111,27
,Big Diagonal Moving Platform #1,0xE835,A5 8C 57,101001011000110001010111,0101100,2C
,Big Horizontal Moving Platform #2,0xE838,A5 6E 5F,101001010110111001011111,0101011,2B
,Carrot Block #1,0xE83B,45 6F 4D,010001010110111101001101,0010011,13
,Dokanto #1,0xE83E,86 B9 5C,100001101011100101011100,0100101,25
,Carrot Block #2,0xE841,46 7F 5B,010001100111111101011011,0010011,13
,Kyotonbo #2,0xE844,87 5B 5C,100001110101101101011100,0100010,22
,Flower Block #1,0xE847,48 41 5B,010010000100000101011011,0010010,12
,Chikunto #3,0xE84A,88 E9 5C,100010001110100101011100,0100111,27
,Heart Block #1,0xE84D,49 AB 5B,010010011010101101011011,0010101,15
,Chikunto #4,0xE850,89 F3 DC,100010011111001111011100,0100111,27
,Money Bag Block #1,0xE853,69 39 5B,011010010011100101011011,0011001,19
,Goronto #2,0xE856,89 7D 5C,100010010111110101011100,0100011,23
,Heart Block #2,0xE859,4A A9 29,010010101010100100101001,0010101,15
,Heart Block #3,0xE85C,4A AD 29,010010101010110100101001,0010101,15
,Midway Bell,0xE85F,4A EF 5A,010010101110111101011010,0010111,17
,Heart Block #4,0xE862,4A B5 29,010010101011010100101001,0010101,15
,Big Horizontal Moving Platform #3,0xE865,AA 7E 5F,101010100111111001011111,0101011,2B
,Carrot Block #3,0xE868,4B 63 4F,010010110110001101001111,0010011,13
,Falling Platform #1,0xE86B,AB DA 51,101010111101101001010001,0101110,2E
,Big Horizontal Moving Platform #4,0xE86E,AC 7C 5F,101011000111110001011111,0101011,2B
,Kyotonbo #3,0xE871,8D 43 D2,100011010100001111010010,0100010,22
,Chikunto #5,0xE874,8D F1 5C,100011011111000101011100,0100111,27
,Dokanto #2,0xE877,8D B9 52,100011011011100101010010,0100101,25
,Kyotonbo #4,0xE87A,8E 40 3C,100011100100000000111100,0100010,22
,Big Horizontal Moving Platform #5,0xE87D,AE 60 5F,101011100110000001011111,0101011,2B
,Goronto #3,0xE880,8E 6C 3A,100011100110110000111010,0100011,23
,Dokanto #3,0xE883,8E B3 DC,100011101011001111011100,0100101,25
,Flower Block #2,0xE886,4E 55 55,010011100101010101010101,0010010,12
,Big Diagonal Moving Platform #2,0xE889,AF 8D 55,101011111000110101010101,0101100,2C
,Bonus Bell,0xE88C,4F D5 4B,010011111101010101001011,0010110,16
,End,0xE88F,FF,,,
Macro Zone 2,Ant #1,0xE890,71 AA 3E,011100011010101000111110,1011101,5D
,Mushroom Block #1,0xE893,41 33 33,010000010011001100110011,0010001,11
,Piranha Plant #1,0xE896,21 9C 3E,001000011001110000111110,0001100,0C
,Ant #2,0xE899,72 B5 3E,011100101011010100111110,1011101,5D
,Battle Beetle #1,0xE89C,C2 77 38,110000100111011100111000,0110011,33
,Ant #3,0xE89F,73 A5 3E,011100111010010100111110,1011101,5D
,Fire Piranha Plant #1,0xE8A2,23 B6 C2,001000111011011011000010,0001101,0D
,Ant #4,0xE8A5,74 A8 BA,011101001010100010111010,1011101,5D
,Fire Piranha Plant #2,0xE8A8,24 B2 3E,001001001011001000111110,0001101,0D
,Piranha Plant #2,0xE8AB,25 86 BE,001001011000011010111110,0001100,0C
,Battle Beetle #2,0xE8AE,C5 70 3A,110001010111000000111010,0110011,33
,Horizontal Cheep Cheep #1,0xE8B1,E6 A5 DA,111001101010010111011010,0111101,3D
,Carrot Block #1,0xE8B4,46 67 4F,010001100110011101001111,0010011,13
,Ant #5,0xE8B7,76 B0 52,011101101011000001010010,1011101,5D
,Horizontal Cheep Cheep #2,0xE8BA,E7 A0 D7,111001111010000011010111,0111101,3D
,Horizontal Cheep Cheep #3,0xE8BD,E7 AB 5C,111001111010101101011100,0111101,3D
,Fire Piranha Plant #3,0xE8C0,27 BE D4,001001111011111011010100,0001101,0D
,Horizontal Cheep Cheep #4,0xE8C3,E8 AF 5C,111010001010111101011100,0111101,3D
,Star Block #1,0xE8C6,48 93 49,010010001001001101001001,0010100,14
,Piranha Plant #3,0xE8C9,28 9E 56,001010001001111001010110,0001100,0C
,Vertical Cheep Cheep #1,0xE8CC,09 EB 5C,000010011110101101011100,0000111,07
,Vertical Cheep Cheep #2,0xE8CF,09 F1 5C,000010011111000101011100,0000111,07
,Midway Bell,0xE8D2,49 FF 4E,010010011111111101001110,0010111,17
,Ant #6,0xE8D5,7A A1 52,011110101010000101010010,1011101,5D
,Horizontal Cheep Cheep #5,0xE8D8,EA BF 5C,111010101011111101011100,0111101,3D
,Ant #7,0xE8DB,7B A3 50,011110111010001101010000,1011101,5D
,Star Block #2,0xE8DE,4B 89 4F,010010111000100101001111,0010100,14
,Horizontal Cheep Cheep #6,0xE8E1,EB B3 AF,111010111011001110101111,0111101,3D
,Vertical Cheep Cheep #3,0xE8E4,0B F5 5D,000010111111010101011101,0000111,07
,Be #1,0xE8E7,CC 89 2E,110011001000100100101110,0110100,34
,Be #2,0xE8EA,CC 95 38,110011001001010100111000,0110100,34
,Be #3,0xE8ED,CC 9B 38,110011001001101100111000,0110100,34
,Mushroom Block #2,0xE8F0,4D 27 37,010011010010011100110111,0010001,11
,Bonus Bell,0xE8F3,4D D5 2F,010011011101010100101111,0010110,16
,End,0xE8F6,FF,,,
Macro Zone 3,Koopa Troopa #1,0xE8F7,01 20 3A,000000010010000000111010,0000001,01
,Goomba #1,0xE8FA,21 29 36,001000010010100100110110,0001001,09
,Carrot Block #1,0xE8FD,41 71 2D,010000010111000100101101,0010011,13
,Goomba #2,0xE900,21 37 36,001000010011011100110110,0001001,09
,Goomba #3,0xE903,22 24 3A,001000100010010000111010,0001001,09
,Goomba #4,0xE906,22 3D 3A,001000100011110100111010,0001001,09
,Piranha Plant #1,0xE909,23 9C 42,001000111001110001000010,0001100,0C
,Downward Piranha Plant #1,0xE90C,14 44 B9,000101000100010010111001,1000010,42
,Goomba #5,0xE90F,24 2E BE,001001000010111010111110,0001001,09
,Goomba #6,0xE912,24 3E 3E,001001000011111000111110,0001001,09
,Downward Piranha Plant #2,0xE915,15 48 39,000101010100100000111001,1000010,42
,Money Bag Block #1,0xE918,65 2B 55,011001010010101101010101,0011001,19
,Honebon #1,0xE91B,55 AB 5E,010101011010101101011110,1010101,55
,Diagonal Paragoomba #1,0xE91E,25 17 3C,001001010001011100111100,0001000,08
,Koopa Troopa #2,0xE921,06 2F 5A,000001100010111101011010,0000001,01
,Koopa Troopa #3,0xE924,06 37 5A,000001100011011101011010,0000001,01
,Mushroom Block #1,0xE927,47 21 57,010001110010000101010111,0010001,11
,Koopa Troopa #4,0xE92A,07 2B 5A,000001110010101101011010,0000001,01
,Koopa Troopa #5,0xE92D,07 35 5A,000001110011010101011010,0000001,01
,Heart Block #1,0xE930,48 A3 25,010010001010001100100101,0010101,15
,Koopa Troopa #6,0xE933,08 27 5A,000010000010011101011010,0000001,01
,Koopa Troopa #7,0xE936,08 31 5A,000010000011000101011010,0000001,01
,Star Block #1,0xE939,48 9D 57,010010001001110101010111,0010100,14
,Midway Bell,0xE93C,48 FF 36,010010001111111100110110,0010111,17
,Be #1,0xE93F,C9 9F 32,110010011001111100110010,0110100,34
,Be #2,0xE942,CA 8B 32,110010101000101100110010,0110100,34
,Piranha Plant #2,0xE945,2B 90 B8,001010111001000010111000,0001100,0C
,Carrot Block #2,0xE948,4C 77 31,010011000111011100110001,0010011,13
,Koopa Troopa #8,0xE94B,0D 27 A4,000011010010011110100100,0000001,01
,Vertical Paragoomba #1,0xE94E,ED 4F 98,111011010100111110011000,0111010,3A
,Bonus Bell,0xE951,4D D7 05,010011011101011100000101,0010110,16
,End,0xE954,FF,,,
Macro Zone 4,Mushroom Block #1,0xE955,41 21 37,010000010010000100110111,0010001,11
,Goomba #1,0xE958,21 27 BC,001000010010011110111100,0001001,09
,Koopa Troopa #1,0xE95B,01 31 38,000000010011000100111000,0000001,01
,Runaway Heart Block #1,0xE95E,C2 A5 37,110000101010010100110111,0110101,35
,Goomba #2,0xE961,23 2B 38,001000110010101100111000,0001001,09
,Goomba #3,0xE964,23 35 3E,001000110011010100111110,0001001,09
,Piranha Plant #1,0xE967,24 86 38,001001001000011000111000,0001100,0C
,Downward Piranha Plant #1,0xE96A,15 44 39,000101010100010000111001,1000010,42
,Money Bag Block #1,0xE96D,65 2B 27,011001010010101100100111,0011001,19
,Carrot Block #1,0xE970,45 6F 37,010001010110111100110111,0010011,13
,Koopa Troopa #2,0xE973,05 33 BE,000001010011001110111110,0000001,01
,Goomba #4,0xE976,26 27 BE,001001100010011110111110,0001001,09
,Goomba #5,0xE979,26 2B 32,001001100010101100110010,0001001,09
,Goomba #6,0xE97C,26 39 BE,001001100011100110111110,0001001,09
,Runaway Heart Block #2,0xE97F,C7 A5 37,110001111010010100110111,0110101,35
,Fire Piranha Plant #1,0xE982,27 B8 BE,001001111011100010111110,0001101,0D
,Midway Bell,0xE985,48 E3 34,010010001110001100110100,0010111,17
,Piranha Plant #2,0xE988,28 88 3E,001010001000100000111110,0001100,0C
,Goomba #7,0xE98B,28 3A 38,001010000011101000111000,0001001,09
,Mushroom Block #2,0xE98E,49 21 2B,010010010010000100101011,0010001,11
,Goomba #8,0xE991,29 21 34,001010010010000100110100,0001001,09
,Diagonal Paragoomba #1,0xE994,29 0D B0,001010010000110110110000,0001000,08
,Diagonal Paragoomba #2,0xE997,2A 1D BA,001010100001110110111010,0001000,08
,Diagonal Paragoomba #3,0xE99A,2B 0D 3A,001010110000110100111010,0001000,08
,End,0xE99D,FF,,,
Wario's Castle,Mushroom Block #1,0xE99E,40 2F 31,010000000010111100110001,0010001,11
,Falling Bone Platform #1,0xE9A1,91 0E 3B,100100010000111000111011,1100000,60
,Falling Bone Platform #2,0xE9A4,91 16 3B,100100010001011000111011,1100000,60
,Skull Platform #1,0xE9A7,91 F9 5E,100100011111100101011110,1100111,67
,Rising Bone Platform #1,0xE9AA,91 3E 3C,100100010011111000111100,1100001,61
,Skull Platform #2,0xE9AD,92 E5 5E,100100101110010101011110,1100111,67
,Falling Bone Platform #3,0xE9B0,92 10 3B,100100100001000000111011,1100000,60
,Falling Bone Platform #4,0xE9B3,92 18 3B,100100100001100000111011,1100000,60
,Skull Platform #3,0xE9B6,92 FD 5E,100100101111110101011110,1100111,67
,Rising Bone Platform #2,0xE9B9,93 20 3C,100100110010000000111100,1100001,61
,Skull Platform #4,0xE9BC,93 E3 5E,100100111110001101011110,1100111,67
,Rising Bone Platform #3,0xE9BF,93 32 3C,100100110011001000111100,1100001,61
,Skull Platform #5,0xE9C2,93 F9 5E,100100111111100101011110,1100111,67
,Falling Bone Platform #5,0xE9C5,93 1A 3B,100100110001101000111011,1100000,60
,Skull Platform #6,0xE9C8,93 FB 5E,100100111111101101011110,1100111,67
,Rising Bone Platform #4,0xE9CB,94 22 3C,100101000010001000111100,1100001,61
,Genkottsu (1.5 Tiles) #1,0xE9CE,94 76 5F,100101000111011001011111,1100011,63
,Genkottsu (2 Tiles) #1,0xE9D1,95 46 5F,100101010100011001011111,1100010,62
,Karamenbo #1,0xE9D4,95 CE 34,100101011100111000110100,1100110,66
,Karamenbo #2,0xE9D7,95 D4 34,100101011101010000110100,1100110,66
,Genkottsu (2 Tiles) #2,0xE9DA,95 56 5F,100101010101011001011111,1100010,62
,Karamenbo #3,0xE9DD,96 C1 34,100101101100000100110100,1100110,66
,Karamenbo #4,0xE9E0,96 C8 34,100101101100100000110100,1100110,66
,Karamenbo #5,0xE9E3,96 D5 34,100101101101010100110100,1100110,66
,Propeller Platform #1,0xE9E6,B7 64 5E,101101110110010001011110,1101011,6B
,Propeller Platform #2,0xE9E9,B7 70 5E,101101110111000001011110,1101011,6B
,Floating Face #1,0xE9EC,97 93 3A,100101111001001100111010,1100100,64
,Propeller Platform #3,0xE9EF,B8 64 5E,101110000110010001011110,1101011,6B
,Floating Face #2,0xE9F2,98 91 3D,100110001001000100111101,1100100,64
,Floating Face #3,0xE9F5,98 91 37,100110001001000100110111,1100100,64
,Propeller Platform #4,0xE9F8,B8 72 5E,101110000111001001011110,1101011,6B
,Floating Face #4,0xE9FB,99 8F 3C,100110011000111100111100,1100100,64
,Floating Face #5,0xE9FE,99 90 36,100110011001000000110110,1100100,64
,Mushroom Block #2,0xEA01,4A 21 57,010010100010000101010111,0010001,11
,Large Spike Ball #1,0xEA04,BA CB 5C,101110101100101101011100,1101110,6E
,Mushroom Block #3,0xEA07,4A 2F 37,010010100010111100110111,0010001,11
,Small Spike Ball #1,0xEA0A,BA FD 5E,101110101111110101011110,1101111,6F
,Left Fire Pakkun Zo #1,0xEA0D,BB 28 DC,101110110010100011011100,1101001,69
,Left Fire Pakkun Zo #2,0xEA10,BB 2E 5A,101110110010111001011010,1101001,69
,Large Spike Ball #2,0xEA13,BB DF DE,101110111101111111011110,1101110,6E
,Large Fire Pakkun Zo #1,0xEA16,BC 0F 5A,101111000000111101011010,1101000,68
,Left Fire Pakkun Zo #3,0xEA19,BC 38 DC,101111000011100011011100,1101001,69
,Left Fire Pakkun Zo #4,0xEA1C,BD 20 58,101111010010000001011000,1101001,69
,Left Fire Pakkun Zo #5,0xEA1F,BD 28 58,101111010010100001011000,1101001,69
,Large Spike Ball #3,0xEA22,BD DD 5E,101111011101110101011110,1101110,6E
,Small Spike Ball #2,0xEA25,BE EC DA,101111101110110011011010,1101111,6F
,Right Fire Pakkun Zo #1,0xEA28,BF 44 50,101111110100010001010000,1101010,6A
,Mushroom Block #4,0xEA2B,4F 2F 33,010011110010111100110011,0010001,11
,End,0xEA2E,FF,,,
Miscellaneous (Scroll),Diagonal Paragoomba #1,0xEA2F,21 01 3E,001000010000000100111110,0001000,08
,Goomba #1,0xEA32,21 2B 3E,001000010010101100111110,0001001,09
,Diagonal Paragoomba #2,0xEA35,21 15 3E,001000010001010100111110,0001000,08
,Goomba #2,0xEA38,21 3F 3E,001000010011111100111110,0001001,09
,Diagonal Paragoomba #3,0xEA3B,22 09 3E,001000100000100100111110,0001000,08
,Mushroom Block #1,0xEA3E,42 2F 37,010000100010111100110111,0010001,11
,Goomba #3,0xEA41,22 33 3E,001000100011001100111110,0001001,09
,Diagonal Paragoomba #4,0xEA44,22 1D 3E,001000100001110100111110,0001000,08
,Diagonal Paragoomba #5,0xEA47,23 07 3E,001000110000011100111110,0001000,08
,Goomba #4,0xEA4A,23 31 3E,001000110011000100111110,0001001,09
,Star Block #1,0xEA4D,43 93 37,010000111001001100110111,0010100,14
,Diagonal Paragoomba #6,0xEA50,23 1B 3E,001000110001101100111110,0001000,08
,Goomba #5,0xEA53,24 25 3E,001001000010010100111110,0001001,09
,Goomba #6,0xEA56,24 2F 3E,001001000010111100111110,0001001,09
,Mushroom Block #2,0xEA59,44 31 37,010001000011000100110111,0010001,11
,Diagonal Paragoomba #7,0xEA5C,24 19 3E,001001000001100100111110,0001000,08
,Diagonal Paragoomba #8,0xEA5F,25 03 3E,001001010000001100111110,0001000,08
,Diagonal Paragoomba #9,0xEA62,25 0D 3E,001001010000110100111110,0001000,08
,Goomba #7,0xEA65,25 31 3E,001001010011000100111110,0001001,09
,Goomba #8,0xEA68,26 21 3E,001001100010000100111110,0001001,09
,Diagonal Paragoomba #10,0xEA6B,26 0B 3E,001001100000101100111110,0001000,08
,Goomba #9,0xEA6E,26 35 3E,001001100011010100111110,0001001,09
,Diagonal Paragoomba #11,0xEA71,26 1F 3E,001001100001111100111110,0001000,08
,Diagonal Paragoomba #12,0xEA74,27 09 3E,001001110000100100111110,0001000,08
,Flower Block #1,0xEA77,47 4B 37,010001110100101100110111,0010010,12
,Diagonal Paragoomba #13,0xEA7A,27 13 3E,001001110001001100111110,0001000,08
,End,0xEA7D,FF,,,
Turtle Zone Special,Mushroom Block #1,0xEA7E,41 27 35,010000010010011100110101,0010001,11
,Heart Block #1,0xEA81,41 BB 2F,010000011011101100101111,0010101,15
,Koopa Troopa #1,0xEA84,02 3D 3C,000000100011110100111100,0000001,01
,Flower Block #1,0xEA87,43 4B 35,010000110100101100110101,0010010,12
,Money Bag Block #1,0xEA8A,64 21 33,011001000010000100110011,0011001,19
,Koopa Troopa #2,0xEA8D,04 3F 3C,000001000011111100111100,0000001,01
,Carrot Block #1,0xEA90,45 6F 35,010001010110111100110101,0010011,13
,Koopa Troopa #3,0xEA93,07 21 3E,000001110010000100111110,0000001,01
,Piranha Plant #1,0xEA96,27 86 3E,001001111000011000111110,0001100,0C
,Mushroom Block #2,0xEA99,47 33 37,010001110011001100110111,0010001,11
,Flower Block #2,0xEA9C,47 55 37,010001110101010100110111,0010010,12
,Carrot Block #2,0xEA9F,47 77 37,010001110111011100110111,0010011,13
,End,0xEAA2,FF,,,
Pumpkin Zone Special 1,Carrot Block #1,0xEAA3,40 7D 1D,010000000111110100011101,0010011,13
,Vertical Paragoomba #1,0xEAA6,E1 56 20,111000010101011000100000,0111010,3A
,Vertical Paragoomba #2,0xEAA9,E2 4E 22,111000100100111000100010,0111010,3A
,Vertical Paragoomba #3,0xEAAC,E3 46 24,111000110100011000100100,0111010,3A
,Vertical Paragoomba #4,0xEAAF,E3 5E 1E,111000110101111000011110,0111010,3A
,Vertical Paragoomba #5,0xEAB2,E4 57 24,111001000101011100100100,0111010,3A
,Goomba #1,0xEAB5,25 2F 3E,001001010010111100111110,0001001,09
,Goomba #2,0xEAB8,25 39 3E,001001010011100100111110,0001001,09
,Goomba #3,0xEABB,26 33 3E,001001100011001100111110,0001001,09
,Goomba #4,0xEABE,26 3D 3E,001001100011110100111110,0001001,09
,Goomba #5,0xEAC1,27 2B 3E,001001110010101100111110,0001001,09
,Goomba #6,0xEAC4,27 3D 3E,001001110011110100111110,0001001,09
,Goomba #7,0xEAC7,28 2F 3E,001010000010111100111110,0001001,09
,Star #1,0xEACA,68 D9 38,011010001101100100111000,0011110,1E
,End,0xEACD,FF,,,
Space Zone Special,Poro #1,0xEACE,72 42 22,011100100100001000100010,1011010,5A
,Poro #2,0xEAD1,73 4E 14,011100110100111000010100,1011010,5A
,Heart #1,0xEAD4,24 E3 36,001001001110001100110110,0001111,0F
,Heart #2,0xEAD7,24 E5 36,001001001110010100110110,0001111,0F
,Poro #3,0xEADA,74 5A 22,011101000101101000100010,1011010,5A
,Heart Block #1,0xEADD,45 B5 13,010001011011010100010011,0010101,15
,End,0xEAE0,FF,,,
Tree Zone Special,Mushroom Block #1,0xEAE1,41 23 2D,010000010010001100101101,0010001,11
,Koopa Troopa #1,0xEAE4,01 29 38,000000010010100100111000,0000001,01
,Koopa Troopa #2,0xEAE7,01 2D 2E,000000010010110100101110,0000001,01
,Koopa Troopa #3,0xEAEA,01 39 30,000000010011100100110000,0000001,01
,Koopa Troopa #4,0xEAED,02 23 34,000000100010001100110100,0000001,01
,Koopa Troopa #5,0xEAF0,02 33 36,000000100011001100110110,0000001,01
,Koopa Troopa #6,0xEAF3,02 3B 36,000000100011101100110110,0000001,01
,Koopa Troopa #7,0xEAF6,03 2B 38,000000110010101100111000,0000001,01
,Koopa Troopa #8,0xEAF9,03 33 38,000000110011001100111000,0000001,01
,Koopa Troopa #9,0xEAFC,03 3F 3A,000000110011111100111010,0000001,01
,Koopa Troopa #10,0xEAFF,04 29 3E,000001000010100100111110,0000001,01
,Koopa Troopa #11,0xEB02,04 31 3E,000001000011000100111110,0000001,01
,Koopa Troopa #12,0xEB05,04 39 3E,000001000011100100111110,0000001,01
,Koopa Troopa #13,0xEB08,05 21 3E,000001010010000100111110,0000001,01
,Koopa Troopa #14,0xEB0B,05 2B 3E,000001010010101100111110,0000001,01
,Koopa Troopa #15,0xEB0E,05 31 3E,000001010011000100111110,0000001,01
,Koopa Troopa #16,0xEB11,05 3D 3E,000001010011110100111110,0000001,01
,Heart Block #1,0xEB14,46 A9 2D,010001101010100100101101,0010101,15
,Koopa Troopa #17,0xEB17,06 31 3A,000001100011000100111010,0000001,01
,Koopa Troopa #18,0xEB1A,06 3B 3A,000001100011101100111010,0000001,01
,Koopa Troopa #19,0xEB1D,07 21 3E,000001110010000100111110,0000001,01
,Koopa Troopa #20,0xEB20,07 2B 3E,000001110010101100111110,0000001,01
,Koopa Troopa #21,0xEB23,07 35 3E,000001110011010100111110,0000001,01
,Koopa Troopa #22,0xEB26,07 3F 3E,000001110011111100111110,0000001,01
,Koopa Troopa #23,0xEB29,08 27 3E,000010000010011100111110,0000001,01
,Koopa Troopa #24,0xEB2C,08 31 3E,000010000011000100111110,0000001,01
,Koopa Troopa #25,0xEB2F,08 3B 3E,000010000011101100111110,0000001,01
,Koopa Troopa #26,0xEB32,09 25 3E,000010010010010100111110,0000001,01
,Koopa Troopa #27,0xEB35,09 2D 3E,000010010010110100111110,0000001,01
,Koopa Troopa #28,0xEB38,09 35 3E,000010010011010100111110,0000001,01
,Heart Block #2,0xEB3B,49 BF 2D,010010011011111100101101,0010101,15
,End,0xEB3E,FF,,,
Macro Zone Special,Mushroom Block #1,0xEB3F,41 2B 2F,010000010010101100101111,0010001,11
,Falling Platform #1,0xEB42,A1 DC 3A,101000011101110000111010,0101110,2E
,Falling Platform #2,0xEB45,A2 CC 3A,101000101100110000111010,0101110,2E
,Falling Platform #3,0xEB48,A2 D2 3A,101000101101001000111010,0101110,2E
,Heart Block #1,0xEB4B,43 AB 35,010000111010101100110101,0010101,15
,Flower Block #1,0xEB4E,45 51 31,010001010101000100110001,0010010,12
,Heart Block #2,0xEB51,46 B9 3B,010001101011100100111011,0010101,15
,End,0xEB54,FF,,,
Pumpkin Zone Special 2,Flower Block #1,0xEB55,40 59 0B,010000000101100100001011,0010010,12
,Heart Block #1,0xEB58,41 A9 11,010000011010100100010001,0010101,15
,Koopa Troopa #1,0xEB5B,01 30 14,000000010011000000010100,0000001,01
,Heart Block #2,0xEB5E,41 B7 0F,010000011011011100001111,0010101,15
,Koopa Troopa #2,0xEB61,01 3D 14,000000010011110100010100,0000001,01
,Heart Block #3,0xEB64,42 A5 0D,010000101010010100001101,0010101,15
,Koopa Troopa #3,0xEB67,02 2D 14,000000100010110100010100,0000001,01
,Goomba #1,0xEB6A,22 35 14,001000100011010100010100,0001001,09
,Koopa Troopa #4,0xEB6D,02 3F 14,000000100011111100010100,0000001,01
,Heart Block #4,0xEB70,43 B1 11,010000111011000100010001,0010101,15
,Heart Block #5,0xEB73,43 B9 0D,010000111011100100001101,0010101,15
,Koopa Troopa #5,0xEB76,04 21 14,000001000010000100010100,0000001,01
,Falling Platform #1,0xEB79,A4 D2 18,101001001101001000011000,0101110,2E
,Falling Platform #2,0xEB7C,A5 C2 16,101001011100001000010110,0101110,2E
,Koopa Troopa #6,0xEB7F,05 2A 16,000001010010101000010110,0000001,01
,Mushroom Block #1,0xEB82,45 2B 0F,010001010010101100001111,0010001,11
,Falling Platform #3,0xEB85,A5 D2 18,101001011101001000011000,0101110,2E
,Falling Platform #4,0xEB88,A5 DA 18,101001011101101000011000,0101110,2E
,Falling Platform #5,0xEB8B,A6 C2 18,101001101100001000011000,0101110,2E
,Falling Platform #6,0xEB8E,A6 CA 18,101001101100101000011000,0101110,2E
,Falling Platform #7,0xEB91,A6 D2 18,101001101101001000011000,0101110,2E
,Goomba #2,0xEB94,27 2D 12,001001110010110100010010,0001001,09
,Heart Block #6,0xEB97,47 AF 11,010001111010111100010001,0010101,15
,Goomba #3,0xEB9A,27 3D 12,001001110011110100010010,0001001,09
,Heart Block #7,0xEB9D,48 A9 11,010010001010100100010001,0010101,15
,Goomba #4,0xEBA0,28 2B 12,001010000010101100010010,0001001,09
,Heart Block #8,0xEBA3,48 B7 11,010010001011011100010001,0010101,15
,Goomba #5,0xEBA6,28 39 12,001010000011100100010010,0001001,09
,Falling Platform #8,0xEBA9,A9 CC 14,101010011100110000010100,0101110,2E
,Heart #1,0xEBAC,29 F7 10,001010011111011100010000,0001111,0F
,Falling Platform #9,0xEBAF,AA C0 16,101010101100000000010110,0101110,2E
,Heart #2,0xEBB2,2A F1 0E,001010101111000100001110,0001111,0F
,End,0xEBB5,FF,,,